instant,cnt_predict
12000,12
12001,11
12002,31
12003,103
12004,164
12005,246
12006,418
12007,547
12008,606
12009,613
12010,597
12011,594
12012,546
12013,587
12014,511
12015,354
12016,258
12017,234
12018,184
12019,70
12020,46
12021,15
12022,10
12023,10
12024,10
12025,19
12026,67
12027,210
12028,292
12029,175
12030,105
12031,185
12032,277
12033,177
12034,181
12035,252
12036,363
12037,792
12038,748
12039,532
12040,338
12041,253
12042,168
12043,92
12044,45
12045,18
12046,11
12047,10
12048,9
12049,20
12050,72
12051,222
12052,569
12053,343
12054,184
12055,242
12056,282
12057,283
12058,258
12059,297
12060,369
12061,765
12062,779
12063,530
12064,406
12065,309
12066,233
12067,98
12068,49
12069,17
12070,12
12071,11
12072,10
12073,22
12074,142
12075,423
12076,668
12077,341
12078,194
12079,259
12080,306
12081,297
12082,291
12083,286
12084,282
12085,586
12086,604
12087,423
12088,256
12089,233
12090,241
12091,118
12092,64
12093,18
12094,12
12095,11
12096,11
12097,32
12098,137
12099,425
12100,671
12101,346
12102,200
12103,268
12104,329
12105,326
12106,297
12107,299
12108,394
12109,797
12110,797
12111,556
12112,351
12113,165
12114,265
12115,133
12116,70
12117,46
12118,18
12119,11
12120,11
12121,31
12122,138
12123,392
12124,659
12125,345
12126,278
12127,289
12128,325
12129,350
12130,362
12131,365
12132,513
12133,789
12134,792
12135,505
12136,362
12137,286
12138,285
12139,232
12140,142
12141,104
12142,79
12143,48
12144,15
12145,16
12146,43
12147,119
12148,212
12149,286
12150,370
12151,460
12152,478
12153,486
12154,475
12155,471
12156,528
12157,609
12158,596
12159,449
12160,303
12161,255
12162,296
12163,224
12164,140
12165,96
12166,86
12167,50
12168,14
12169,18
12170,39
12171,121
12172,180
12173,246
12174,349
12175,393
12176,427
12177,434
12178,424
12179,428
12180,514
12181,617
12182,608
12183,382
12184,286
12185,166
12186,155
12187,65
12188,137
12189,67
12190,70
12191,50
12192,19
12193,24
12194,41
12195,232
12196,263
12197,280
12198,317
12199,317
12200,337
12201,317
12202,308
12203,305
12204,408
12205,633
12206,632
12207,492
12208,313
12209,266
12210,191
12211,94
12212,48
12213,17
12214,12
12215,11
12216,11
12217,34
12218,147
12219,418
12220,587
12221,351
12222,203
12223,264
12224,324
12225,324
12226,292
12227,296
12228,372
12229,793
12230,778
12231,561
12232,297
12233,146
12234,178
12235,57
12236,46
12237,16
12238,10
12239,11
12240,11
12241,33
12242,139
12243,283
12244,671
12245,350
12246,179
12247,253
12248,333
12249,333
12250,293
12251,293
12252,383
12253,789
12254,808
12255,545
12256,337
12257,289
12258,269
12259,124
12260,61
12261,19
12262,12
12263,12
12264,12
12265,34
12266,138
12267,453
12268,671
12269,346
12270,211
12271,276
12272,324
12273,324
12274,292
12275,300
12276,395
12277,813
12278,821
12279,540
12280,383
12281,275
12282,284
12283,146
12284,73
12285,40
12286,19
12287,11
12288,11
12289,31
12290,88
12291,387
12292,653
12293,322
12294,279
12295,289
12296,296
12297,295
12298,289
12299,289
12300,372
12301,595
12302,291
12303,239
12304,160
12305,179
12306,121
12307,212
12308,142
12309,114
12310,80
12311,46
12312,13
12313,10
12314,45
12315,140
12316,185
12317,288
12318,437
12319,570
12320,653
12321,654
12322,663
12323,651
12324,580
12325,537
12326,537
12327,446
12328,315
12329,283
12330,262
12331,183
12332,130
12333,107
12334,85
12335,52
12336,12
12337,12
12338,40
12339,80
12340,163
12341,243
12342,367
12343,464
12344,611
12345,616
12346,606
12347,610
12348,556
12349,532
12350,509
12351,369
12352,267
12353,224
12354,199
12355,86
12356,45
12357,17
12358,12
12359,10
12360,10
12361,33
12362,149
12363,430
12364,572
12365,342
12366,206
12367,245
12368,330
12369,329
12370,297
12371,297
12372,375
12373,730
12374,748
12375,534
12376,374
12377,228
12378,182
12379,92
12380,44
12381,14
12382,11
12383,9
12384,9
12385,20
12386,156
12387,407
12388,617
12389,345
12390,178
12391,251
12392,299
12393,313
12394,270
12395,276
12396,376
12397,736
12398,760
12399,543
12400,392
12401,244
12402,213
12403,88
12404,47
12405,18
12406,12
12407,9
12408,9
12409,32
12410,153
12411,417
12412,685
12413,344
12414,208
12415,270
12416,327
12417,333
12418,290
12419,294
12420,382
12421,753
12422,574
12423,524
12424,387
12425,261
12426,222
12427,119
12428,59
12429,17
12430,13
12431,11
12432,10
12433,32
12434,147
12435,407
12436,684
12437,338
12438,200
12439,277
12440,330
12441,321
12442,298
12443,294
12444,395
12445,810
12446,780
12447,556
12448,429
12449,271
12450,274
12451,149
12452,69
12453,40
12454,21
12455,11
12456,11
12457,33
12458,148
12459,421
12460,673
12461,332
12462,304
12463,312
12464,368
12465,387
12466,368
12467,368
12468,511
12469,804
12470,789
12471,505
12472,377
12473,285
12474,289
12475,233
12476,154
12477,101
12478,77
12479,52
12480,15
12481,15
12482,45
12483,144
12484,198
12485,294
12486,455
12487,500
12488,488
12489,482
12490,491
12491,483
12492,546
12493,629
12494,620
12495,456
12496,329
12497,295
12498,287
12499,230
12500,157
12501,106
12502,85
12503,50
12504,19
12505,18
12506,40
12507,107
12508,165
12509,231
12510,349
12511,389
12512,444
12513,440
12514,443
12515,432
12516,517
12517,628
12518,624
12519,358
12520,284
12521,235
12522,199
12523,90
12524,48
12525,20
12526,12
12527,11
12528,11
12529,33
12530,145
12531,415
12532,555
12533,351
12534,207
12535,235
12536,303
12537,298
12538,273
12539,297
12540,365
12541,806
12542,812
12543,502
12544,332
12545,227
12546,203
12547,93
12548,48
12549,18
12550,12
12551,11
12552,10
12553,20
12554,141
12555,216
12556,562
12557,344
12558,117
12559,145
12560,188
12561,209
12562,171
12563,200
12564,352
12565,483
12566,526
12567,455
12568,287
12569,308
12570,203
12571,65
12572,45
12573,17
12574,13
12575,11
12576,11
12577,35
12578,145
12579,423
12580,671
12581,356
12582,181
12583,259
12584,313
12585,311
12586,282
12587,301
12588,373
12589,786
12590,791
12591,555
12592,418
12593,282
12594,268
12595,116
12596,62
12597,21
12598,13
12599,12
12600,12
12601,32
12602,139
12603,453
12604,671
12605,353
12606,198
12607,273
12608,312
12609,331
12610,296
12611,298
12612,394
12613,804
12614,817
12615,553
12616,423
12617,275
12618,269
12619,133
12620,74
12621,41
12622,20
12623,11
12624,11
12625,34
12626,151
12627,420
12628,673
12629,332
12630,296
12631,306
12632,367
12633,388
12634,391
12635,393
12636,546
12637,795
12638,794
12639,493
12640,392
12641,290
12642,289
12643,228
12644,145
12645,114
12646,78
12647,49
12648,13
12649,15
12650,41
12651,138
12652,185
12653,286
12654,439
12655,574
12656,668
12657,676
12658,680
12659,592
12660,614
12661,588
12662,589
12663,443
12664,294
12665,250
12666,284
12667,216
12668,138
12669,116
12670,85
12671,51
12672,15
12673,18
12674,39
12675,105
12676,165
12677,243
12678,388
12679,450
12680,556
12681,576
12682,583
12683,583
12684,543
12685,497
12686,482
12687,365
12688,276
12689,225
12690,187
12691,90
12692,45
12693,17
12694,13
12695,9
12696,10
12697,20
12698,72
12699,153
12700,589
12701,343
12702,124
12703,181
12704,188
12705,281
12706,263
12707,264
12708,357
12709,753
12710,759
12711,496
12712,286
12713,203
12714,168
12715,69
12716,46
12717,15
12718,12
12719,11
12720,11
12721,32
12722,141
12723,389
12724,586
12725,353
12726,197
12727,258
12728,323
12729,327
12730,293
12731,294
12732,374
12733,802
12734,798
12735,539
12736,400
12737,271
12738,241
12739,87
12740,48
12741,18
12742,14
12743,11
12744,11
12745,34
12746,138
12747,386
12748,671
12749,346
12750,208
12751,270
12752,329
12753,331
12754,285
12755,296
12756,369
12757,777
12758,777
12759,546
12760,421
12761,277
12762,274
12763,123
12764,61
12765,21
12766,13
12767,12
12768,11
12769,33
12770,137
12771,409
12772,675
12773,354
12774,208
12775,279
12776,322
12777,322
12778,292
12779,296
12780,394
12781,778
12782,817
12783,540
12784,409
12785,280
12786,280
12787,152
12788,66
12789,40
12790,19
12791,11
12792,11
12793,31
12794,137
12795,438
12796,671
12797,342
12798,303
12799,305
12800,353
12801,391
12802,391
12803,368
12804,517
12805,828
12806,805
12807,449
12808,351
12809,171
12810,284
12811,233
12812,153
12813,99
12814,82
12815,50
12816,14
12817,14
12818,51
12819,150
12820,200
12821,296
12822,388
12823,457
12824,486
12825,495
12826,499
12827,492
12828,547
12829,633
12830,634
12831,456
12832,323
12833,303
12834,294
12835,227
12836,160
12837,103
12838,87
12839,49
12840,14
12841,18
12842,33
12843,105
12844,158
12845,231
12846,350
12847,405
12848,441
12849,444
12850,438
12851,432
12852,526
12853,625
12854,626
12855,382
12856,288
12857,239
12858,208
12859,90
12860,48
12861,20
12862,12
12863,11
12864,12
12865,33
12866,147
12867,436
12868,571
12869,351
12870,206
12871,246
12872,302
12873,325
12874,298
12875,292
12876,378
12877,783
12878,789
12879,528
12880,388
12881,269
12882,210
12883,100
12884,44
12885,15
12886,12
12887,11
12888,11
12889,33
12890,151
12891,421
12892,598
12893,343
12894,208
12895,266
12896,324
12897,322
12898,296
12899,301
12900,374
12901,796
12902,798
12903,540
12904,416
12905,284
12906,251
12907,101
12908,46
12909,16
12910,12
12911,10
12912,12
12913,35
12914,142
12915,451
12916,671
12917,355
12918,208
12919,266
12920,321
12921,321
12922,293
12923,300
12924,371
12925,794
12926,803
12927,558
12928,409
12929,285
12930,274
12931,130
12932,62
12933,22
12934,12
12935,12
12936,12
12937,33
12938,139
12939,445
12940,671
12941,353
12942,210
12943,276
12944,320
12945,322
12946,293
12947,300
12948,395
12949,815
12950,806
12951,558
12952,417
12953,282
12954,285
12955,153
12956,68
12957,39
12958,19
12959,12
12960,12
12961,33
12962,138
12963,444
12964,674
12965,342
12966,301
12967,313
12968,371
12969,388
12970,388
12971,383
12972,510
12973,805
12974,767
12975,505
12976,404
12977,244
12978,210
12979,227
12980,141
12981,92
12982,79
12983,52
12984,16
12985,18
12986,43
12987,143
12988,202
12989,276
12990,395
12991,475
12992,488
12993,487
12994,490
12995,490
12996,545
12997,647
12998,647
12999,450
13000,312
13001,272
13002,284
13003,230
13004,158
13005,104
13006,80
13007,48
13008,15
13009,20
13010,41
13011,99
13012,164
13013,231
13014,368
13015,399
13016,441
13017,441
13018,443
13019,444
13020,520
13021,615
13022,622
13023,388
13024,281
13025,243
13026,205
13027,82
13028,48
13029,15
13030,12
13031,11
13032,12
13033,30
13034,142
13035,429
13036,571
13037,342
13038,206
13039,244
13040,323
13041,323
13042,297
13043,296
13044,373
13045,787
13046,811
13047,539
13048,354
13049,268
13050,208
13051,96
13052,48
13053,17
13054,12
13055,11
13056,12
13057,33
13058,142
13059,435
13060,558
13061,352
13062,207
13063,268
13064,323
13065,322
13066,291
13067,276
13068,362
13069,826
13070,789
13071,485
13072,298
13073,229
13074,244
13075,98
13076,155
13077,98
13078,75
13079,46
13080,13
13081,16
13082,40
13083,219
13084,304
13085,284
13086,294
13087,299
13088,316
13089,328
13090,321
13091,312
13092,403
13093,642
13094,642
13095,486
13096,348
13097,284
13098,278
13099,109
13100,61
13101,21
13102,12
13103,12
13104,12
13105,32
13106,138
13107,445
13108,671
13109,349
13110,212
13111,276
13112,319
13113,322
13114,293
13115,300
13116,394
13117,813
13118,816
13119,498
13120,362
13121,280
13122,285
13123,148
13124,68
13125,40
13126,19
13127,11
13128,12
13129,33
13130,141
13131,447
13132,668
13133,344
13134,315
13135,320
13136,358
13137,370
13138,377
13139,382
13140,503
13141,772
13142,790
13143,506
13144,375
13145,281
13146,293
13147,233
13148,144
13149,98
13150,77
13151,48
13152,16
13153,17
13154,47
13155,145
13156,193
13157,294
13158,392
13159,474
13160,489
13161,487
13162,501
13163,503
13164,547
13165,638
13166,638
13167,451
13168,310
13169,278
13170,294
13171,231
13172,145
13173,106
13174,84
13175,50
13176,12
13177,16
13178,37
13179,99
13180,169
13181,241
13182,359
13183,441
13184,446
13185,441
13186,451
13187,425
13188,488
13189,621
13190,623
13191,383
13192,294
13193,246
13194,167
13195,63
13196,47
13197,18
13198,10
13199,10
13200,11
13201,31
13202,66
13203,212
13204,567
13205,347
13206,171
13207,234
13208,301
13209,300
13210,274
13211,280
13212,374
13213,806
13214,784
13215,538
13216,305
13217,240
13218,209
13219,91
13220,48
13221,17
13222,12
13223,11
13224,11
13225,33
13226,141
13227,402
13228,571
13229,353
13230,208
13231,268
13232,327
13233,320
13234,285
13235,298
13236,374
13237,806
13238,599
13239,337
13240,175
13241,131
13242,216
13243,97
13244,47
13245,16
13246,12
13247,11
13248,11
13249,34
13250,143
13251,407
13252,671
13253,349
13254,200
13255,256
13256,306
13257,302
13258,296
13259,299
13260,375
13261,808
13262,806
13263,553
13264,369
13265,285
13266,278
13267,103
13268,62
13269,21
13270,12
13271,12
13272,12
13273,34
13274,139
13275,446
13276,671
13277,351
13278,209
13279,275
13280,322
13281,322
13282,297
13283,296
13284,396
13285,809
13286,793
13287,550
13288,426
13289,287
13290,285
13291,136
13292,69
13293,45
13294,18
13295,11
13296,11
13297,31
13298,137
13299,425
13300,675
13301,338
13302,312
13303,310
13304,362
13305,376
13306,372
13307,388
13308,523
13309,828
13310,802
13311,498
13312,372
13313,288
13314,297
13315,233
13316,153
13317,101
13318,77
13319,50
13320,12
13321,18
13322,48
13323,147
13324,195
13325,299
13326,423
13327,493
13328,496
13329,496
13330,487
13331,486
13332,501
13333,378
13334,556
13335,377
13336,241
13337,251
13338,296
13339,232
13340,139
13341,97
13342,82
13343,47
13344,14
13345,17
13346,40
13347,109
13348,179
13349,233
13350,353
13351,388
13352,421
13353,443
13354,443
13355,423
13356,518
13357,603
13358,405
13359,342
13360,288
13361,247
13362,190
13363,84
13364,45
13365,17
13366,12
13367,11
13368,11
13369,33
13370,147
13371,429
13372,557
13373,348
13374,206
13375,244
13376,327
13377,325
13378,292
13379,299
13380,266
13381,590
13382,767
13383,534
13384,350
13385,269
13386,231
13387,91
13388,47
13389,17
13390,12
13391,11
13392,11
13393,34
13394,142
13395,402
13396,558
13397,349
13398,199
13399,258
13400,300
13401,323
13402,296
13403,296
13404,383
13405,772
13406,812
13407,543
13408,381
13409,281
13410,253
13411,100
13412,49
13413,19
13414,12
13415,11
13416,11
13417,33
13418,140
13419,442
13420,673
13421,348
13422,209
13423,272
13424,323
13425,325
13426,285
13427,209
13428,368
13429,797
13430,792
13431,494
13432,369
13433,282
13434,273
13435,123
13436,61
13437,22
13438,13
13439,12
13440,12
13441,32
13442,138
13443,453
13444,671
13445,350
13446,210
13447,273
13448,324
13449,328
13450,292
13451,294
13452,379
13453,778
13454,817
13455,551
13456,376
13457,140
13458,142
13459,71
13460,43
13461,45
13462,20
13463,11
13464,10
13465,31
13466,140
13467,387
13468,668
13469,329
13470,279
13471,261
13472,248
13473,262
13474,266
13475,296
13476,509
13477,495
13478,637
13479,396
13480,160
13481,161
13482,253
13483,216
13484,120
13485,95
13486,81
13487,48
13488,13
13489,14
13490,38
13491,119
13492,199
13493,275
13494,273
13495,341
13496,353
13497,378
13498,340
13499,288
13500,287
13501,200
13502,325
13503,363
13504,139
13505,207
13506,206
13507,213
13508,163
13509,105
13510,83
13511,48
13512,15
13513,19
13514,43
13515,110
13516,151
13517,232
13518,375
13519,421
13520,525
13521,568
13522,504
13523,505
13524,509
13525,605
13526,612
13527,384
13528,289
13529,250
13530,199
13531,94
13532,49
13533,18
13534,12
13535,10
13536,10
13537,31
13538,140
13539,413
13540,556
13541,347
13542,198
13543,235
13544,301
13545,300
13546,274
13547,294
13548,376
13549,783
13550,786
13551,550
13552,351
13553,260
13554,234
13555,98
13556,50
13557,16
13558,13
13559,11
13560,11
13561,33
13562,147
13563,436
13564,587
13565,348
13566,206
13567,257
13568,301
13569,300
13570,276
13571,296
13572,375
13573,797
13574,798
13575,538
13576,374
13577,284
13578,246
13579,92
13580,47
13581,16
13582,13
13583,11
13584,12
13585,34
13586,140
13587,449
13588,668
13589,359
13590,208
13591,270
13592,325
13593,323
13594,292
13595,295
13596,384
13597,780
13598,791
13599,537
13600,382
13601,287
13602,271
13603,114
13604,62
13605,22
13606,13
13607,12
13608,12
13609,34
13610,143
13611,453
13612,671
13613,346
13614,206
13615,267
13616,327
13617,324
13618,296
13619,298
13620,398
13621,794
13622,793
13623,561
13624,415
13625,284
13626,288
13627,153
13628,67
13629,45
13630,19
13631,12
13632,11
13633,33
13634,144
13635,438
13636,671
13637,342
13638,313
13639,309
13640,366
13641,378
13642,375
13643,390
13644,513
13645,791
13646,804
13647,505
13648,353
13649,284
13650,286
13651,230
13652,144
13653,99
13654,76
13655,52
13656,16
13657,19
13658,47
13659,157
13660,194
13661,293
13662,377
13663,474
13664,480
13665,469
13666,477
13667,490
13668,529
13669,631
13670,635
13671,374
13672,250
13673,313
13674,289
13675,232
13676,146
13677,107
13678,82
13679,50
13680,13
13681,20
13682,36
13683,103
13684,167
13685,248
13686,352
13687,374
13688,411
13689,411
13690,418
13691,445
13692,521
13693,626
13694,625
13695,383
13696,294
13697,249
13698,192
13699,94
13700,50
13701,18
13702,12
13703,11
13704,11
13705,33
13706,147
13707,415
13708,557
13709,344
13710,195
13711,235
13712,301
13713,327
13714,296
13715,298
13716,374
13717,798
13718,789
13719,544
13720,387
13721,266
13722,181
13723,95
13724,47
13725,16
13726,12
13727,11
13728,11
13729,33
13730,145
13731,417
13732,571
13733,353
13734,205
13735,265
13736,330
13737,324
13738,292
13739,294
13740,374
13741,800
13742,800
13743,340
13744,291
13745,328
13746,245
13747,95
13748,48
13749,17
13750,13
13751,11
13752,11
13753,33
13754,145
13755,407
13756,671
13757,351
13758,206
13759,265
13760,327
13761,327
13762,292
13763,295
13764,375
13765,810
13766,611
13767,542
13768,370
13769,286
13770,269
13771,119
13772,64
13773,19
13774,13
13775,12
13776,11
13777,34
13778,142
13779,430
13780,673
13781,350
13782,209
13783,273
13784,330
13785,330
13786,291
13787,297
13788,395
13789,801
13790,801
13791,538
13792,377
13793,280
13794,293
13795,145
13796,68
13797,39
13798,19
13799,12
13800,12
13801,33
13802,145
13803,446
13804,671
13805,346
13806,301
13807,306
13808,362
13809,377
13810,386
13811,390
13812,523
13813,799
13814,798
13815,484
13816,338
13817,240
13818,291
13819,236
13820,140
13821,87
13822,79
13823,50
13824,16
13825,17
13826,36
13827,147
13828,200
13829,295
13830,377
13831,455
13832,471
13833,469
13834,472
13835,475
13836,530
13837,634
13838,626
13839,451
13840,322
13841,273
13842,296
13843,215
13844,116
13845,87
13846,80
13847,49
13848,15
13849,18
13850,32
13851,99
13852,164
13853,248
13854,379
13855,429
13856,403
13857,434
13858,435
13859,437
13860,514
13861,614
13862,424
13863,342
13864,196
13865,247
13866,192
13867,89
13868,46
13869,17
13870,12
13871,11
13872,11
13873,32
13874,143
13875,233
13876,545
13877,190
13878,204
13879,239
13880,302
13881,327
13882,291
13883,294
13884,369
13885,771
13886,785
13887,539
13888,353
13889,259
13890,198
13891,96
13892,47
13893,16
13894,12
13895,11
13896,11
13897,32
13898,143
13899,402
13900,586
13901,349
13902,197
13903,252
13904,301
13905,300
13906,272
13907,293
13908,283
13909,786
13910,809
13911,486
13912,320
13913,242
13914,239
13915,91
13916,47
13917,18
13918,12
13919,11
13920,11
13921,31
13922,141
13923,408
13924,674
13925,346
13926,200
13927,261
13928,304
13929,304
13930,273
13931,279
13932,365
13933,810
13934,817
13935,540
13936,393
13937,283
13938,273
13939,119
13940,63
13941,19
13942,12
13943,12
13944,11
13945,32
13946,143
13947,410
13948,673
13949,351
13950,209
13951,274
13952,330
13953,326
13954,297
13955,300
13956,394
13957,806
13958,823
13959,544
13960,413
13961,240
13962,273
13963,150
13964,67
13965,44
13966,18
13967,11
13968,11
13969,20
13970,83
13971,294
13972,486
13973,343
13974,292
13975,255
13976,326
13977,366
13978,364
13979,362
13980,508
13981,787
13982,781
13983,513
13984,390
13985,277
13986,291
13987,218
13988,118
13989,89
13990,84
13991,52
13992,14
13993,16
13994,45
13995,158
13996,223
13997,289
13998,437
13999,458
14000,482
14001,463
14002,463
14003,464
14004,537
14005,467
14006,513
14007,369
14008,160
14009,212
14010,217
14011,226
14012,146
14013,105
14014,85
14015,51
14016,16
14017,16
14018,33
14019,116
14020,172
14021,246
14022,383
14023,414
14024,484
14025,449
14026,455
14027,453
14028,530
14029,629
14030,628
14031,384
14032,287
14033,243
14034,213
14035,92
14036,45
14037,22
14038,11
14039,11
14040,11
14041,32
14042,143
14043,429
14044,545
14045,341
14046,197
14047,245
14048,326
14049,326
14050,293
14051,300
14052,361
14053,806
14054,797
14055,538
14056,382
14057,256
14058,236
14059,98
14060,50
14061,19
14062,11
14063,11
14064,11
14065,30
14066,68
14067,387
14068,536
14069,346
14070,204
14071,265
14072,327
14073,330
14074,296
14075,299
14076,374
14077,605
14078,800
14079,534
14080,402
14081,275
14082,241
14083,98
14084,48
14085,18
14086,11
14087,11
14088,11
14089,35
14090,143
14091,423
14092,671
14093,352
14094,200
14095,256
14096,327
14097,302
14098,273
14099,298
14100,376
14101,797
14102,803
14103,541
14104,368
14105,279
14106,267
14107,121
14108,63
14109,19
14110,13
14111,12
14112,12
14113,35
14114,143
14115,451
14116,671
14117,351
14118,209
14119,273
14120,322
14121,322
14122,289
14123,300
14124,397
14125,817
14126,778
14127,536
14128,397
14129,280
14130,285
14131,154
14132,55
14133,41
14134,13
14135,8
14136,7
14137,27
14138,112
14139,383
14140,641
14141,321
14142,213
14143,228
14144,262
14145,257
14146,255
14147,268
14148,326
14149,553
14150,549
14151,366
14152,248
14153,200
14154,105
14155,118
14156,141
14157,97
14158,85
14159,49
14160,15
14161,18
14162,39
14163,151
14164,202
14165,295
14166,446
14167,525
14168,520
14169,589
14170,513
14171,514
14172,545
14173,610
14174,614
14175,441
14176,317
14177,276
14178,299
14179,230
14180,157
14181,105
14182,82
14183,53
14184,14
14185,21
14186,37
14187,91
14188,160
14189,233
14190,376
14191,389
14192,506
14193,430
14194,510
14195,573
14196,530
14197,464
14198,462
14199,353
14200,257
14201,147
14202,168
14203,87
14204,45
14205,16
14206,12
14207,11
14208,11
14209,31
14210,143
14211,383
14212,557
14213,344
14214,185
14215,240
14216,313
14217,330
14218,293
14219,298
14220,373
14221,781
14222,640
14223,476
14224,206
14225,237
14226,178
14227,83
14228,46
14229,16
14230,11
14231,10
14232,10
14233,34
14234,146
14235,421
14236,571
14237,348
14238,206
14239,267
14240,334
14241,329
14242,291
14243,295
14244,362
14245,796
14246,800
14247,338
14248,377
14249,311
14250,244
14251,98
14252,48
14253,17
14254,13
14255,11
14256,10
14257,35
14258,141
14259,428
14260,673
14261,349
14262,208
14263,265
14264,330
14265,329
14266,293
14267,295
14268,284
14269,608
14270,597
14271,491
14272,399
14273,311
14274,278
14275,121
14276,65
14277,17
14278,13
14279,12
14280,11
14281,33
14282,136
14283,409
14284,674
14285,344
14286,209
14287,273
14288,318
14289,320
14290,296
14291,294
14292,394
14293,809
14294,803
14295,544
14296,374
14297,273
14298,270
14299,131
14300,70
14301,46
14302,19
14303,12
14304,11
14305,33
14306,140
14307,413
14308,675
14309,338
14310,312
14311,317
14312,356
14313,378
14314,379
14315,385
14316,521
14317,809
14318,805
14319,477
14320,348
14321,241
14322,278
14323,233
14324,153
14325,94
14326,76
14327,49
14328,13
14329,17
14330,41
14331,123
14332,198
14333,295
14334,419
14335,505
14336,517
14337,588
14338,528
14339,570
14340,524
14341,471
14342,436
14343,399
14344,132
14345,293
14346,270
14347,219
14348,126
14349,96
14350,85
14351,49
14352,13
14353,17
14354,29
14355,119
14356,163
14357,250
14358,372
14359,416
14360,438
14361,467
14362,391
14363,363
14364,358
14365,325
14366,333
14367,314
14368,193
14369,242
14370,152
14371,99
14372,47
14373,17
14374,11
14375,11
14376,11
14377,34
14378,143
14379,413
14380,544
14381,351
14382,206
14383,239
14384,329
14385,327
14386,291
14387,297
14388,373
14389,807
14390,799
14391,535
14392,376
14393,276
14394,163
14395,97
14396,47
14397,17
14398,12
14399,11
14400,11
14401,31
14402,139
14403,387
14404,568
14405,349
14406,207
14407,268
14408,324
14409,327
14410,285
14411,299
14412,375
14413,792
14414,807
14415,544
14416,378
14417,274
14418,265
14419,95
14420,45
14421,17
14422,12
14423,11
14424,11
14425,35
14426,140
14427,442
14428,671
14429,355
14430,208
14431,272
14432,328
14433,331
14434,289
14435,294
14436,376
14437,808
14438,813
14439,546
14440,370
14441,279
14442,283
14443,122
14444,61
14445,21
14446,13
14447,12
14448,12
14449,34
14450,143
14451,446
14452,675
14453,346
14454,209
14455,274
14456,330
14457,328
14458,291
14459,295
14460,394
14461,808
14462,791
14463,541
14464,373
14465,282
14466,291
14467,153
14468,70
14469,40
14470,21
14471,11
14472,11
14473,32
14474,140
14475,393
14476,675
14477,328
14478,306
14479,314
14480,387
14481,377
14482,408
14483,368
14484,510
14485,807
14486,790
14487,490
14488,359
14489,274
14490,291
14491,234
14492,150
14493,94
14494,77
14495,50
14496,16
14497,21
14498,48
14499,132
14500,192
14501,291
14502,384
14503,460
14504,485
14505,497
14506,487
14507,471
14508,532
14509,614
14510,613
14511,300
14512,240
14513,119
14514,226
14515,226
14516,156
14517,99
14518,90
14519,50
14520,16
14521,20
14522,43
14523,120
14524,181
14525,229
14526,354
14527,380
14528,428
14529,466
14530,455
14531,409
14532,512
14533,609
14534,613
14535,343
14536,204
14537,236
14538,162
14539,56
14540,142
14541,85
14542,75
14543,50
14544,16
14545,20
14546,44
14547,247
14548,291
14549,280
14550,273
14551,294
14552,310
14553,325
14554,329
14555,342
14556,412
14557,616
14558,618
14559,466
14560,318
14561,276
14562,155
14563,92
14564,45
14565,15
14566,11
14567,10
14568,11
14569,31
14570,139
14571,368
14572,580
14573,350
14574,198
14575,252
14576,316
14577,324
14578,292
14579,297
14580,369
14581,787
14582,800
14583,535
14584,399
14585,312
14586,235
14587,96
14588,47
14589,16
14590,12
14591,11
14592,12
14593,32
14594,146
14595,409
14596,671
14597,350
14598,198
14599,256
14600,319
14601,327
14602,293
14603,288
14604,367
14605,797
14606,808
14607,537
14608,274
14609,304
14610,280
14611,114
14612,59
14613,18
14614,11
14615,12
14616,11
14617,32
14618,137
14619,409
14620,467
14621,211
14622,149
14623,173
14624,292
14625,293
14626,287
14627,289
14628,383
14629,797
14630,799
14631,539
14632,407
14633,248
14634,224
14635,129
14636,47
14637,46
14638,19
14639,11
14640,11
14641,33
14642,141
14643,407
14644,671
14645,330
14646,285
14647,303
14648,355
14649,366
14650,368
14651,372
14652,510
14653,789
14654,781
14655,513
14656,393
14657,305
14658,291
14659,222
14660,130
14661,79
14662,75
14663,49
14664,14
14665,17
14666,36
14667,141
14668,201
14669,298
14670,383
14671,473
14672,473
14673,474
14674,475
14675,288
14676,286
14677,238
14678,252
14679,209
14680,227
14681,230
14682,238
14683,196
14684,128
14685,107
14686,89
14687,51
14688,10
14689,11
14690,37
14691,110
14692,169
14693,248
14694,409
14695,448
14696,574
14697,615
14698,597
14699,599
14700,557
14701,524
14702,485
14703,371
14704,260
14705,219
14706,173
14707,86
14708,44
14709,13
14710,12
14711,11
14712,10
14713,33
14714,150
14715,411
14716,583
14717,348
14718,204
14719,245
14720,333
14721,324
14722,298
14723,304
14724,381
14725,779
14726,749
14727,539
14728,372
14729,217
14730,187
14731,85
14732,44
14733,17
14734,12
14735,10
14736,10
14737,33
14738,153
14739,409
14740,575
14741,345
14742,209
14743,268
14744,330
14745,329
14746,297
14747,299
14748,378
14749,770
14750,759
14751,534
14752,369
14753,250
14754,215
14755,90
14756,45
14757,20
14758,12
14759,10
14760,10
14761,34
14762,149
14763,420
14764,676
14765,354
14766,200
14767,270
14768,327
14769,326
14770,296
14771,298
14772,382
14773,772
14774,785
14775,541
14776,373
14777,263
14778,231
14779,114
14780,60
14781,17
14782,13
14783,11
14784,10
14785,34
14786,150
14787,442
14788,678
14789,351
14790,209
14791,277
14792,335
14793,330
14794,286
14795,295
14796,380
14797,821
14798,786
14799,540
14800,374
14801,276
14802,272
14803,143
14804,67
14805,46
14806,20
14807,11
14808,11
14809,33
14810,148
14811,398
14812,673
14813,311
14814,303
14815,311
14816,355
14817,371
14818,389
14819,385
14820,525
14821,802
14822,796
14823,492
14824,362
14825,315
14826,268
14827,234
14828,155
14829,97
14830,76
14831,49
14832,12
14833,15
14834,38
14835,141
14836,194
14837,292
14838,453
14839,594
14840,667
14841,666
14842,675
14843,669
14844,586
14845,536
14846,532
14847,445
14848,314
14849,265
14850,266
14851,182
14852,144
14853,105
14854,87
14855,52
14856,12
14857,14
14858,38
14859,89
14860,165
14861,243
14862,395
14863,457
14864,596
14865,595
14866,612
14867,595
14868,556
14869,497
14870,479
14871,365
14872,274
14873,218
14874,167
14875,89
14876,42
14877,22
14878,10
14879,10
14880,9
14881,33
14882,153
14883,408
14884,564
14885,345
14886,183
14887,223
14888,290
14889,304
14890,263
14891,265
14892,365
14893,746
14894,756
14895,496
14896,286
14897,140
14898,161
14899,50
14900,42
14901,15
14902,9
14903,11
14904,11
14905,30
14906,142
14907,373
14908,583
14909,358
14910,142
14911,251
14912,198
14913,289
14914,160
14915,165
14916,253
14917,287
14918,438
14919,397
14920,243
14921,197
14922,159
14923,83
14924,43
14925,14
14926,13
14927,10
14928,10
14929,32
14930,149
14931,425
14932,682
14933,346
14934,197
14935,270
14936,338
14937,333
14938,294
14939,302
14940,367
14941,751
14942,730
14943,540
14944,365
14945,216
14946,211
14947,103
14948,56
14949,20
14950,12
14951,10
14952,10
14953,32
14954,148
14955,399
14956,684
14957,341
14958,202
14959,272
14960,335
14961,335
14962,297
14963,299
14964,399
14965,753
14966,750
14967,546
14968,374
14969,257
14970,246
14971,147
14972,67
14973,46
14974,21
14975,11
14976,11
14977,33
14978,153
14979,425
14980,681
14981,324
14982,285
14983,309
14984,357
14985,372
14986,361
14987,374
14988,546
14989,767
14990,760
14991,505
14992,376
14993,295
14994,269
14995,213
14996,119
14997,77
14998,77
14999,48
15000,13
15001,16
15002,40
15003,147
15004,197
15005,298
15006,426
15007,555
15008,579
15009,513
15010,473
15011,508
15012,586
15013,593
15014,603
15015,441
15016,328
15017,275
15018,286
15019,231
15020,122
15021,72
15022,83
15023,52
15024,11
15025,11
15026,28
15027,76
15028,145
15029,228
15030,366
15031,437
15032,584
15033,593
15034,598
15035,595
15036,544
15037,497
15038,481
15039,372
15040,258
15041,197
15042,178
15043,87
15044,42
15045,15
15046,13
15047,9
15048,10
15049,31
15050,148
15051,398
15052,600
15053,343
15054,186
15055,242
15056,312
15057,328
15058,290
15059,302
15060,386
15061,714
15062,707
15063,476
15064,334
15065,203
15066,156
15067,76
15068,42
15069,19
15070,10
15071,8
15072,8
15073,33
15074,153
15075,380
15076,617
15077,348
15078,190
15079,266
15080,332
15081,333
15082,290
15083,304
15084,381
15085,776
15086,760
15087,543
15088,396
15089,247
15090,236
15091,85
15092,45
15093,15
15094,14
15095,11
15096,11
15097,35
15098,146
15099,438
15100,674
15101,354
15102,193
15103,264
15104,332
15105,330
15106,292
15107,298
15108,375
15109,794
15110,803
15111,545
15112,398
15113,279
15114,180
15115,92
15116,65
15117,17
15118,12
15119,11
15120,10
15121,34
15122,141
15123,430
15124,673
15125,347
15126,199
15127,268
15128,300
15129,299
15130,273
15131,275
15132,385
15133,790
15134,800
15135,533
15136,354
15137,163
15138,190
15139,73
15140,47
15141,46
15142,19
15143,11
15144,10
15145,34
15146,141
15147,370
15148,679
15149,328
15150,269
15151,300
15152,356
15153,382
15154,371
15155,361
15156,551
15157,775
15158,736
15159,315
15160,266
15161,159
15162,245
15163,185
15164,131
15165,95
15166,80
15167,48
15168,11
15169,11
15170,35
15171,122
15172,173
15173,285
15174,418
15175,566
15176,653
15177,653
15178,653
15179,644
15180,584
15181,495
15182,503
15183,423
15184,300
15185,261
15186,217
15187,186
15188,139
15189,105
15190,74
15191,50
15192,13
15193,15
15194,37
15195,76
15196,139
15197,229
15198,384
15199,455
15200,587
15201,590
15202,592
15203,605
15204,551
15205,501
15206,410
15207,206
15208,171
15209,156
15210,141
15211,80
15212,47
15213,16
15214,11
15215,9
15216,8
15217,33
15218,145
15219,383
15220,595
15221,335
15222,193
15223,245
15224,317
15225,315
15226,285
15227,287
15228,368
15229,544
15230,568
15231,476
15232,229
15233,181
15234,136
15235,63
15236,43
15237,15
15238,13
15239,10
15240,10
15241,31
15242,60
15243,222
15244,373
15245,184
15246,125
15247,152
15248,280
15249,284
15250,175
15251,186
15252,259
15253,302
15254,327
15255,273
15256,184
15257,128
15258,177
15259,82
15260,41
15261,16
15262,10
15263,10
15264,10
15265,31
15266,137
15267,353
15268,651
15269,346
15270,198
15271,257
15272,302
15273,293
15274,271
15275,284
15276,352
15277,767
15278,773
15279,544
15280,364
15281,236
15282,280
15283,94
15284,47
15285,16
15286,11
15287,11
15288,11
15289,19
15290,65
15291,389
15292,654
15293,344
15294,183
15295,256
15296,308
15297,306
15298,300
15299,297
15300,394
15301,783
15302,789
15303,542
15304,380
15305,276
15306,288
15307,147
15308,72
15309,45
15310,22
15311,12
15312,11
15313,34
15314,147
15315,407
15316,674
15317,345
15318,309
15319,303
15320,372
15321,368
15322,388
15323,389
15324,548
15325,795
15326,747
15327,501
15328,356
15329,259
15330,271
15331,193
15332,132
15333,95
15334,73
15335,48
15336,12
15337,15
15338,35
15339,150
15340,202
15341,291
15342,405
15343,497
15344,660
15345,625
15346,636
15347,635
15348,583
15349,472
15350,441
15351,425
15352,261
15353,190
15354,199
15355,178
15356,78
15357,69
15358,58
15359,49
15360,10
15361,15
15362,34
15363,66
15364,119
15365,152
15366,349
15367,399
15368,461
15369,474
15370,497
15371,360
15372,135
15373,144
15374,142
15375,213
15376,113
15377,77
15378,98
15379,47
15380,62
15381,41
15382,33
15383,40
15384,7
15385,7
15386,39
15387,44
15388,131
15389,191
15390,286
15391,327
15392,357
15393,356
15394,360
15395,281
15396,256
15397,391
15398,379
15399,211
15400,122
15401,96
15402,63
15403,55
15404,15
15405,12
15406,7
15407,3
15408,5
15409,31
15410,111
15411,359
15412,600
15413,321
15414,186
15415,234
15416,290
15417,291
15418,265
15419,269
15420,350
15421,717
15422,702
15423,443
15424,297
15425,174
15426,177
15427,76
15428,42
15429,15
15430,11
15431,9
15432,9
15433,30
15434,143
15435,397
15436,681
15437,344
15438,192
15439,267
15440,315
15441,317
15442,297
15443,300
15444,376
15445,730
15446,737
15447,450
15448,368
15449,210
15450,191
15451,96
15452,53
15453,14
15454,12
15455,10
15456,8
15457,31
15458,115
15459,347
15460,627
15461,297
15462,193
15463,241
15464,307
15465,314
15466,288
15467,287
15468,391
15469,695
15470,624
15471,431
15472,264
15473,212
15474,140
15475,137
15476,58
15477,39
15478,16
15479,6
15480,6
15481,32
15482,105
15483,378
15484,653
15485,325
15486,263
15487,282
15488,334
15489,337
15490,334
15491,349
15492,422
15493,605
15494,560
15495,412
15496,264
15497,190
15498,134
15499,92
15500,61
15501,57
15502,51
15503,20
15504,6
15505,6
15506,32
15507,45
15508,136
15509,210
15510,323
15511,443
15512,489
15513,567
15514,628
15515,635
15516,539
15517,442
15518,447
15519,388
15520,108
15521,98
15522,132
15523,157
15524,76
15525,63
15526,55
15527,42
15528,10
15529,10
15530,33
15531,59
15532,150
15533,227
15534,366
15535,497
15536,551
15537,593
15538,604
15539,598
15540,558
15541,497
15542,468
15543,364
15544,270
15545,192
15546,159
15547,86
15548,40
15549,14
15550,14
15551,10
15552,10
15553,31
15554,136
15555,405
15556,572
15557,176
15558,187
15559,224
15560,177
15561,274
15562,249
15563,279
15564,387
15565,735
15566,471
15567,237
15568,307
15569,210
15570,161
15571,80
15572,40
15573,14
15574,10
15575,8
15576,8
15577,32
15578,135
15579,384
15580,572
15581,345
15582,184
15583,264
15584,301
15585,312
15586,285
15587,287
15588,378
15589,698
15590,715
15591,472
15592,285
15593,217
15594,128
15595,68
15596,22
15597,13
15598,9
15599,4
15600,5
15601,31
15602,115
15603,381
15604,606
15605,321
15606,183
15607,252
15608,297
15609,301
15610,270
15611,276
15612,383
15613,713
15614,719
15615,469
15616,321
15617,204
15618,159
15619,89
15620,46
15621,16
15622,13
15623,10
15624,10
15625,32
15626,144
15627,361
15628,654
15629,338
15630,178
15631,261
15632,315
15633,329
15634,284
15635,272
15636,396
15637,724
15638,725
15639,480
15640,350
15641,204
15642,226
15643,112
15644,70
15645,46
15646,23
15647,10
15648,10
15649,32
15650,76
15651,277
15652,684
15653,348
15654,265
15655,269
15656,294
15657,281
15658,360
15659,322
15660,323
15661,543
15662,437
15663,399
15664,351
15665,219
15666,223
15667,172
15668,129
15669,94
15670,59
15671,38
15672,11
15673,13
15674,41
15675,64
15676,180
15677,277
15678,448
15679,540
15680,650
15681,647
15682,660
15683,655
15684,577
15685,514
15686,503
15687,428
15688,282
15689,191
15690,201
15691,176
15692,80
15693,67
15694,56
15695,42
15696,8
15697,13
15698,33
15699,61
15700,120
15701,230
15702,401
15703,520
15704,582
15705,590
15706,593
15707,585
15708,545
15709,493
15710,479
15711,373
15712,261
15713,154
15714,137
15715,78
15716,38
15717,21
15718,9
15719,7
15720,7
15721,32
15722,113
15723,354
15724,574
15725,319
15726,190
15727,242
15728,316
15729,328
15730,286
15731,301
15732,386
15733,749
15734,707
15735,477
15736,310
15737,197
15738,148
15739,77
15740,42
15741,16
15742,10
15743,9
15744,8
15745,33
15746,136
15747,388
15748,571
15749,341
15750,193
15751,264
15752,314
15753,315
15754,297
15755,303
15756,363
15757,762
15758,751
15759,539
15760,362
15761,250
15762,197
15763,88
15764,45
15765,17
15766,11
15767,10
15768,10
15769,34
15770,147
15771,390
15772,681
15773,340
15774,185
15775,265
15776,320
15777,335
15778,298
15779,293
15780,376
15781,772
15782,776
15783,490
15784,328
15785,232
15786,244
15787,90
15788,59
15789,18
15790,13
15791,10
15792,10
15793,31
15794,140
15795,381
15796,680
15797,338
15798,179
15799,226
15800,283
15801,283
15802,285
15803,285
15804,383
15805,757
15806,451
15807,435
15808,264
15809,200
15810,226
15811,114
15812,70
15813,46
15814,22
15815,10
15816,10
15817,32
15818,142
15819,380
15820,681
15821,343
15822,276
15823,261
15824,268
15825,262
15826,314
15827,354
15828,502
15829,638
15830,624
15831,390
15832,247
15833,206
15834,228
15835,187
15836,130
15837,90
15838,74
15839,45
15840,12
15841,11
15842,43
15843,128
15844,179
15845,281
15846,404
15847,555
15848,646
15849,654
15850,645
15851,624
15852,554
15853,503
15854,498
15855,407
15856,284
15857,211
15858,241
15859,170
15860,117
15861,91
15862,77
15863,50
15864,10
15865,11
15866,33
15867,57
15868,139
15869,225
15870,411
15871,511
15872,526
15873,535
15874,540
15875,535
15876,355
15877,300
15878,192
15879,173
15880,126
15881,112
15882,86
15883,51
15884,40
15885,88
15886,88
15887,84
15888,144
15889,232
15890,267
15891,451
15892,194
15893,160
15894,104
15895,55
15896,20
15897,9
15898,3
15899,4
15900,4
15901,27
15902,112
15903,320
15904,618
15905,290
15906,146
15907,153
15908,180
15909,289
15910,252
15911,264
15912,262
15913,474
15914,476
15915,360
15916,214
15917,169
15918,113
15919,61
15920,23
15921,12
15922,4
15923,5
15924,4
15925,29
15926,107
15927,347
15928,594
15929,236
15930,113
15931,111
15932,124
15933,170
15934,168
15935,167
15936,239
15937,427
15938,430
15939,350
15940,194
15941,163
15942,124
15943,83
15944,42
15945,21
15946,10
15947,5
15948,4
15949,28
15950,101
15951,331
15952,592
15953,305
15954,226
15955,272
15956,292
15957,249
15958,257
15959,261
15960,268
15961,439
15962,436
15963,340
15964,159
15965,148
15966,119
15967,87
15968,56
15969,48
15970,38
15971,28
15972,6
15973,6
15974,36
15975,43
15976,121
15977,188
15978,273
15979,281
15980,290
15981,298
15982,298
15983,290
15984,282
15985,241
15986,215
15987,216
15988,94
15989,86
15990,96
15991,83
15992,65
15993,53
15994,48
15995,16
15996,10
15997,9
15998,29
15999,46
16000,111
16001,181
16002,277
16003,352
16004,369
16005,390
16006,383
16007,380
16008,337
16009,305
16010,249
16011,206
16012,82
16013,60
16014,65
16015,41
16016,17
16017,9
16018,4
16019,4
16020,4
16021,20
16022,100
16023,311
16024,580
16025,287
16026,124
16027,130
16028,152
16029,159
16030,163
16031,172
16032,217
16033,415
16034,413
16035,319
16036,188
16037,148
16038,91
16039,54
16040,17
16041,9
16042,3
16043,4
16044,3
16045,20
16046,86
16047,326
16048,563
16049,274
16050,137
16051,149
16052,175
16053,166
16054,161
16055,166
16056,225
16057,418
16058,414
16059,315
16060,186
16061,150
16062,97
16063,58
16064,20
16065,9
16066,4
16067,3
16068,3
16069,22
16070,83
16071,317
16072,541
16073,280
16074,134
16075,139
16076,163
16077,147
16078,144
16079,147
16080,201
16081,412
16082,412
16083,314
16084,189
16085,147
16086,65
16087,44
16088,22
16089,10
16090,4
16091,3
16092,25
16093,104
16094,320
16095,593
16096,333
16097,156
16098,166
16099,194
16100,312
16101,294
16102,300
16103,301
16104,450
16105,446
16106,348
16107,192
16108,167
16109,115
16110,84
16111,41
16112,22
16113,9
16114,4
16115,4
16116,26
16117,80
16118,324
16119,593
16120,315
16121,216
16122,254
16123,298
16124,296
16125,298
16126,320
16127,422
16128,532
16129,542
16130,299
16131,168
16132,165
16133,109
16134,70
16135,50
16136,48
16137,50
16138,33
16139,10
16140,7
16141,38
16142,45
16143,136
16144,197
16145,279
16146,331
16147,614
16148,656
16149,668
16150,635
16151,591
16152,498
16153,386
16154,395
16155,231
16156,111
16157,123
16158,79
16159,54
16160,50
16161,50
16162,41
16163,9
16164,7
16165,36
16166,43
16167,116
16168,190
16169,287
16170,419
16171,561
16172,561
16173,595
16174,587
16175,549
16176,482
16177,472
16178,362
16179,226
16180,148
16181,126
16182,76
16183,78
16184,61
16185,45
16186,35
16187,13
16188,13
16189,42
16190,69
16191,256
16192,276
16193,298
16194,322
16195,390
16196,393
16197,382
16198,392
16199,439
16200,486
16201,465
16202,443
16203,265
16204,132
16205,155
16206,85
16207,38
16208,14
16209,7
16210,3
16211,4
16212,27
16213,71
16214,237
16215,511
16216,189
16217,90
16218,122
16219,167
16220,158
16221,166
16222,186
16223,238
16224,418
16225,416
16226,321
16227,173
16228,141
16229,100
16230,50
16231,21
16232,10
16233,4
16234,4
16235,4
16236,22
16237,88
16238,315
16239,567
16240,287
16241,144
16242,142
16243,170
16244,162
16245,158
16246,162
16247,228
16248,414
16249,415
16250,312
16251,198
16252,182
16253,110
16254,53
16255,23
16256,10
16257,5
16258,4
16259,4
16260,24
16261,100
16262,327
16263,587
16264,288
16265,130
16266,153
16267,170
16268,163
16269,159
16270,159
16271,218
16272,399
16273,398
16274,314
16275,198
16276,167
16277,107
16278,79
16279,41
16280,21
16281,10
16282,5
16283,4
16284,28
16285,101
16286,318
16287,575
16288,305
16289,198
16290,246
16291,257
16292,291
16293,288
16294,312
16295,382
16296,415
16297,415
16298,307
16299,169
16300,161
16301,116
16302,84
16303,57
16304,49
16305,48
16306,19
16307,8
16308,7
16309,30
16310,39
16311,122
16312,190
16313,293
16314,361
16315,380
16316,442
16317,446
16318,437
16319,349
16320,321
16321,260
16322,198
16323,96
16324,81
16325,94
16326,77
16327,55
16328,45
16329,44
16330,15
16331,7
16332,7
16333,33
16334,37
16335,104
16336,176
16337,252
16338,339
16339,343
16340,324
16341,318
16342,494
16343,279
16344,281
16345,231
16346,202
16347,86
16348,71
16349,69
16350,42
16351,16
16352,12
16353,5
16354,4
16355,5
16356,29
16357,108
16358,342
16359,594
16360,289
16361,128
16362,157
16363,181
16364,302
16365,281
16366,275
16367,266
16368,530
16369,424
16370,353
16371,193
16372,155
16373,101
16374,56
16375,15
16376,10
16377,4
16378,4
16379,5
16380,27
16381,109
16382,376
16383,611
16384,281
16385,151
16386,217
16387,268
16388,287
16389,263
16390,263
16391,249
16392,401
16393,421
16394,348
16395,196
16396,190
16397,110
16398,55
16399,20
16400,11
16401,2
16402,4
16403,4
16404,29
16405,107
16406,326
16407,591
16408,287
16409,151
16410,161
16411,293
16412,310
16413,278
16414,283
16415,312
16416,442
16417,544
16418,343
16419,201
16420,192
16421,109
16422,58
16423,50
16424,43
16425,32
16426,15
16427,9
16428,8
16429,37
16430,43
16431,127
16432,180
16433,289
16434,370
16435,423
16436,512
16437,545
16438,539
16439,434
16440,392
16441,250
16442,223
16443,88
16444,76
16445,95
16446,75
16447,41
16448,22
16449,12
16450,4
16451,4
16452,26
16453,96
16454,325
16455,554
16456,303
16457,187
16458,246
16459,298
16460,296
16461,337
16462,345
16463,447
16464,706
16465,604
16466,412
16467,275
16468,214
16469,205
16470,154
16471,71
16472,44
16473,42
16474,18
16475,7
16476,7
16477,30
16478,45
16479,139
16480,193
16481,224
16482,254
16483,277
16484,311
16485,277
16486,258
16487,247
16488,229
16489,204
16490,167
16491,83
16492,70
16493,70
16494,81
16495,56
16496,39
16497,44
16498,18
16499,9
16500,7
16501,37
16502,41
16503,96
16504,169
16505,222
16506,236
16507,255
16508,251
16509,288
16510,291
16511,286
16512,232
16513,182
16514,157
16515,68
16516,65
16517,80
16518,45
16519,17
16520,9
16521,3
16522,3
16523,3
16524,20
16525,82
16526,323
16527,605
16528,281
16529,132
16530,168
16531,298
16532,299
16533,279
16534,278
16535,305
16536,547
16537,400
16538,324
16539,197
16540,185
16541,95
16542,55
16543,14
16544,10
16545,4
16546,3
16547,4
16548,25
16549,104
16550,255
16551,509
16552,278
16553,50
16554,89
16555,94
16556,85
16557,91
16558,123
16559,185
16560,369
16561,319
16562,306
16563,174
16564,139
16565,73
16566,55
16567,19
16568,9
16569,4
16570,3
16571,4
16572,22
16573,84
16574,322
16575,571
16576,283
16577,143
16578,153
16579,166
16580,164
16581,172
16582,171
16583,233
16584,418
16585,415
16586,326
16587,198
16588,174
16589,105
16590,56
16591,23
16592,10
16593,3
16594,3
16595,23
16596,80
16597,323
16598,574
16599,295
16600,128
16601,169
16602,179
16603,180
16604,161
16605,164
16606,229
16607,419
16608,411
16609,310
16610,190
16611,152
16612,103
16613,77
16614,37
16615,20
16616,11
16617,4
16618,3
16619,23
16620,71
16621,323
16622,533
16623,298
16624,182
16625,217
16626,245
16627,255
16628,254
16629,307
16630,279
16631,404
16632,398
16633,307
16634,161
16635,163
16636,111
16637,77
16638,59
16639,49
16640,43
16641,12
16642,9
16643,8
16644,35
16645,43
16646,125
16647,155
16648,213
16649,272
16650,291
16651,290
16652,301
16653,299
16654,279
16655,223
16656,225
16657,176
16658,82
16659,65
16660,91
16661,67
16662,57
16663,44
16664,46
16665,16
16666,9
16667,8
16668,37
16669,37
16670,121
16671,160
16672,244
16673,251
16674,292
16675,348
16676,494
16677,486
16678,443
16679,145
16680,393
16681,212
16682,185
16683,126
16684,117
16685,77
16686,37
16687,15
16688,12
16689,6
16690,5
16691,29
16692,104
16693,355
16694,622
16695,285
16696,188
16697,220
16698,310
16699,315
16700,299
16701,300
16702,376
16703,714
16704,719
16705,468
16706,271
16707,170
16708,143
16709,77
16710,37
16711,16
16712,11
16713,7
16714,6
16715,30
16716,105
16717,379
16718,586
16719,324
16720,189
16721,245
16722,310
16723,294
16724,272
16725,289
16726,388
16727,698
16728,696
16729,474
16730,296
16731,184
16732,181
16733,79
16734,42
16735,13
16736,12
16737,10
16738,11
16739,33
16740,67
16741,281
16742,651
16743,319
16744,181
16745,240
16746,299
16747,298
16748,285
16749,288
16750,319
16751,558
16752,523
16753,342
16754,188
16755,147
16756,101
16757,54
16758,23
16759,12
16760,4
16761,4
16762,3
16763,20
16764,77
16765,292
16766,572
16767,298
16768,121
16769,146
16770,174
16771,178
16772,166
16773,172
16774,220
16775,393
16776,390
16777,301
16778,176
16779,143
16780,82
16781,66
16782,37
16783,20
16784,11
16785,4
16786,4
16787,23
16788,83
16789,237
16790,554
16791,300
16792,145
16793,159
16794,197
16795,217
16796,211
16797,209
16798,240
16799,388
16800,357
16801,298
16802,142
16803,141
16804,96
16805,62
16806,44
16807,45
16808,47
16809,27
16810,10
16811,9
16812,44
16813,56
16814,138
16815,185
16816,256
16817,281
16818,296
16819,297
16820,256
16821,393
16822,369
16823,240
16824,226
16825,200
16826,93
16827,67
16828,104
16829,83
16830,60
16831,52
16832,49
16833,29
16834,11
16835,12
16836,42
16837,52
16838,94
16839,180
16840,255
16841,266
16842,281
16843,266
16844,258
16845,122
16846,123
16847,122
16848,137
16849,117
16850,81
16851,57
16852,52
16853,34
16854,14
16855,12
16856,9
16857,7
16858,7
16859,30
16860,104
16861,333
16862,579
16863,305
16864,152
16865,122
16866,176
16867,176
16868,251
16869,255
16870,321
16871,413
16872,362
16873,462
16874,226
16875,154
16876,139
16877,76
16878,40
16879,18
16880,10
16881,3
16882,4
16883,18
16884,107
16885,302
16886,583
16887,291
16888,146
16889,151
16890,169
16891,170
16892,166
16893,170
16894,230
16895,402
16896,397
16897,311
16898,184
16899,167
16900,102
16901,58
16902,21
16903,9
16904,4
16905,4
16906,4
16907,20
16908,81
16909,300
16910,542
16911,284
16912,131
16913,141
16914,166
16915,161
16916,158
16917,159
16918,223
16919,382
16920,378
16921,308
16922,185
16923,143
16924,97
16925,55
16926,23
16927,11
16928,4
16929,3
16930,4
16931,19
16932,79
16933,294
16934,574
16935,295
16936,146
16937,155
16938,181
16939,174
16940,170
16941,170
16942,231
16943,386
16944,382
16945,320
16946,196
16947,173
16948,98
16949,71
16950,38
16951,18
16952,9
16953,4
16954,3
16955,22
16956,79
16957,305
16958,556
16959,294
16960,129
16961,156
16962,228
16963,225
16964,243
16965,249
16966,259
16967,375
16968,370
16969,297
16970,174
16971,154
16972,103
16973,80
16974,53
16975,50
16976,43
16977,13
16978,8
16979,7
16980,41
16981,47
16982,117
16983,169
16984,240
16985,305
16986,336
16987,325
16988,338
16989,432
16990,309
16991,293
16992,242
16993,191
16994,93
16995,82
16996,100
16997,83
16998,47
16999,32
17000,45
17001,27
17002,10
17003,9
17004,43
17005,51
17006,121
17007,199
17008,234
17009,252
17010,292
17011,300
17012,277
17013,269
17014,258
17015,237
17016,125
17017,195
17018,97
17019,60
17020,89
17021,46
17022,16
17023,12
17024,9
17025,4
17026,5
17027,30
17028,104
17029,355
17030,611
17031,287
17032,138
17033,157
17034,157
17035,153
17036,143
17037,242
17038,166
17039,267
17040,264
17041,350
17042,207
17043,154
17044,138
17045,50
17046,39
17047,16
17048,11
17049,8
17050,8
17051,32
17052,109
17053,362
17054,625
17055,285
17056,189
17057,252
17058,187
17059,311
17060,274
17061,277
17062,287
17063,398
17064,397
17065,341
17066,192
17067,171
17068,112
17069,60
17070,21
17071,10
17072,3
17073,4
17074,4
17075,29
17076,91
17077,312
17078,568
17079,288
17080,129
17081,177
17082,191
17083,283
17084,262
17085,266
17086,272
17087,393
17088,389
17089,331
17090,199
17091,161
17092,113
17093,56
17094,22
17095,11
17096,5
17097,4
17098,4
17099,27
17100,103
17101,356
17102,590
17103,292
17104,129
17105,144
17106,173
17107,160
17108,157
17109,150
17110,212
17111,357
17112,328
17113,278
17114,170
17115,148
17116,71
17117,60
17118,34
17119,36
17120,18
17121,11
17122,5
17123,26
17124,96
17125,294
17126,577
17127,319
17128,157
17129,170
17130,178
17131,177
17132,177
17133,165
17134,228
17135,391
17136,381
17137,310
17138,157
17139,132
17140,102
17141,83
17142,53
17143,44
17144,45
17145,19
17146,8
17147,7
17148,30
17149,46
17150,141
17151,185
17152,223
17153,251
17154,271
17155,283
17156,279
17157,240
17158,248
17159,218
17160,194
17161,154
17162,79
17163,65
17164,62
17165,71
17166,60
17167,34
17168,40
17169,19
17170,9
17171,9
17172,29
17173,44
17174,110
17175,159
17176,206
17177,227
17178,304
17179,302
17180,284
17181,293
17182,277
17183,235
17184,182
17185,152
17186,66
17187,63
17188,69
17189,42
17190,17
17191,9
17192,2
17193,3
17194,21
17195,82
17196,309
17197,558
17198,275
17199,116
17200,113
17201,146
17202,55
17203,67
17204,82
17205,136
17206,213
17207,216
17208,240
17209,141
17210,124
17211,73
17212,37
17213,31
17214,32
17215,29
17216,9
17217,8
17218,36
17219,34
17220,128
17221,164
17222,240
17223,264
17224,298
17225,307
17226,312
17227,289
17228,266
17229,218
17230,185
17231,159
17232,79
17233,56
17234,86
17235,42
17236,18
17237,9
17238,5
17239,3
17240,2
17241,20
17242,81
17243,239
17244,477
17245,186
17246,74
17247,78
17248,76
17249,73
17250,71
17251,75
17252,121
17253,194
17254,186
17255,178
17256,144
17257,121
17258,46
17259,38
17260,18
17261,11
17262,5
17263,4
17264,3
17265,21
17266,83
17267,307
17268,578
17269,289
17270,133
17271,138
17272,164
17273,155
17274,142
17275,141
17276,201
17277,391
17278,381
17279,297
17280,174
17281,134
17282,80
17283,70
17284,37
17285,21
17286,8
17287,4
17288,4
17289,20
17290,75
17291,300
17292,537
17293,299
17294,135
17295,157
17296,173
17297,172
17298,172
17299,184
17300,215
17301,389
17302,381
17303,289
17304,159
17305,142
17306,86
17307,67
17308,42
17309,38
17310,45
17311,14
17312,8
17313,7
17314,40
17315,43
17316,126
17317,175
17318,142
17319,129
17320,130
17321,135
17322,227
17323,209
17324,223
17325,194
17326,173
17327,154
17328,85
17329,62
17330,81
17331,64
17332,52
17333,40
17334,44
17335,19
17336,8
17337,7
17338,30
17339,46
17340,113
17341,171
17342,218
17343,229
17344,264
17345,268
17346,275
17347,254
17348,241
17349,226
17350,179
17351,209
17352,71
17353,54
17354,45
17355,33
17356,17
17357,10
17358,4
17359,3
17360,3
17361,19
17362,77
17363,295
17364,565
17365,270
17366,104
17367,104
17368,119
17369,137
17370,142
17371,141
17372,196
17373,400
17374,393
17375,303
17376,183
17377,151
17378,89
17379,52
